,σi (nm),εi (kJ.mol-1),Partial charge
C36,0.314264522824,0.3640080,1
A18,0.28384033,1.7978874,1
A19,0.30326192,0.58382766,1
A99,0.31426452,0.364008,1
