,σi (nm),εi (kJ.mol-1),Partial charge
C36,0.251367073323,0.1962296,1
A18,0.21595385,1.4754533,1
A19,0.26138968,0.12386075,1
A99,0.24299263,0.1962296,1
